alpha2,alpha3,currencies,name,languages,status,countryCallingCodes,ioc,emoji
AC,,USD,Ascension Island,eng,reserved,+247,SHP,
AD,AND,EUR,Andorra,cat,assigned,+376,AND,ğŸ‡¦ğŸ‡©
AE,ARE,AED,United Arab Emirates,ara,assigned,+971,UAE,ğŸ‡¦ğŸ‡ª
AF,AFG,AFN,Afghanistan,pus,assigned,+93,AFG,ğŸ‡¦ğŸ‡«
AG,ATG,XCD,Antigua And Barbuda,eng,assigned,+1 268,ANT,ğŸ‡¦ğŸ‡¬
AI,AIA,XCD,Anguilla,eng,assigned,+1 264,,ğŸ‡¦ğŸ‡®
AI,AFI,,French Afar and Issas,,deleted,,,
AL,ALB,ALL,Albania,sqi,assigned,+355,ALB,ğŸ‡¦ğŸ‡±
AM,ARM,AMD,Armenia,"hye,rus",assigned,+374,ARM,ğŸ‡¦ğŸ‡²
AN,ANT,,Netherlands Antilles,,deleted,,,
AO,AGO,AOA,Angola,por,assigned,+244,ANG,ğŸ‡¦ğŸ‡´
AQ,ATA,,Antarctica,,assigned,+672,,ğŸ‡¦ğŸ‡¶
AR,ARG,ARS,Argentina,spa,assigned,+54,ARG,ğŸ‡¦ğŸ‡·
AS,ASM,USD,American Samoa,"eng,smo",assigned,+1 684,ASA,ğŸ‡¦ğŸ‡¸
AT,AUT,EUR,Austria,deu,assigned,+43,AUT,ğŸ‡¦ğŸ‡¹
AU,AUS,AUD,Australia,eng,assigned,+61,AUS,ğŸ‡¦ğŸ‡º
AW,ABW,AWG,Aruba,nld,assigned,+297,ARU,ğŸ‡¦ğŸ‡¼
AX,ALA,EUR,Ã…land Islands,swe,assigned,+358,,ğŸ‡¦ğŸ‡½
AZ,AZE,AZN,Azerbaijan,aze,assigned,+994,AZE,ğŸ‡¦ğŸ‡¿
BA,BIH,BAM,Bosnia & Herzegovina,"bos,cre,srp",assigned,+387,BIH,ğŸ‡§ğŸ‡¦
BB,BRB,BBD,Barbados,eng,assigned,+1 246,BAR,ğŸ‡§ğŸ‡§
BD,BGD,BDT,Bangladesh,ben,assigned,+880,BAN,ğŸ‡§ğŸ‡©
BE,BEL,EUR,Belgium,"nld,fra,deu",assigned,+32,BEL,ğŸ‡§ğŸ‡ª
BF,BFA,XOF,Burkina Faso,fra,assigned,+226,BUR,ğŸ‡§ğŸ‡«
BG,BGR,BGN,Bulgaria,bul,assigned,+359,BUL,ğŸ‡§ğŸ‡¬
BH,BHR,BHD,Bahrain,ara,assigned,+973,BRN,ğŸ‡§ğŸ‡­
BI,BDI,BIF,Burundi,fra,assigned,+257,BDI,ğŸ‡§ğŸ‡®
BJ,BEN,XOF,Benin,fra,assigned,+229,BEN,ğŸ‡§ğŸ‡¯
BL,BLM,EUR,Saint BarthÃ©lemy,fra,assigned,+590,,ğŸ‡§ğŸ‡±
BM,BMU,BMD,Bermuda,eng,assigned,+1 441,BER,ğŸ‡§ğŸ‡²
BN,BRN,BND,Brunei Darussalam,"msa,eng",assigned,+673,BRU,ğŸ‡§ğŸ‡³
BO,BOL,"BOB,BOV","Bolivia, Plurinational State Of","spa,aym,que",assigned,+591,BOL,ğŸ‡§ğŸ‡´
BQ,BES,USD,"Bonaire, Saint Eustatius And Saba",nld,assigned,+599,,ğŸ‡§ğŸ‡¶
BQ,ATB,,British Antarctic Territory,,deleted,,,
BR,BRA,BRL,Brazil,por,assigned,+55,BRA,ğŸ‡§ğŸ‡·
BS,BHS,BSD,Bahamas,eng,assigned,+1 242,BAH,ğŸ‡§ğŸ‡¸
BT,BTN,"INR,BTN",Bhutan,dzo,assigned,+975,BHU,ğŸ‡§ğŸ‡¹
BU,BUR,,Burma,,deleted,,,
BV,BVT,NOK,Bouvet Island,,assigned,,,ğŸ‡§ğŸ‡»
BW,BWA,BWP,Botswana,"eng,tsn",assigned,+267,BOT,ğŸ‡§ğŸ‡¼
BY,BLR,BYR,Belarus,"bel,rus",assigned,+375,BLR,ğŸ‡§ğŸ‡¾
BY,BYS,,Byelorussian SSR,,deleted,,,
BZ,BLZ,BZD,Belize,eng,assigned,+501,BIZ,ğŸ‡§ğŸ‡¿
CA,CAN,CAD,Canada,"eng,fra",assigned,+1,CAN,ğŸ‡¨ğŸ‡¦
CC,CCK,AUD,Cocos (Keeling) Islands,eng,assigned,+61,,ğŸ‡¨ğŸ‡¨
CD,COD,CDF,Democratic Republic Of Congo,"fra,lin,kon,swa",assigned,+243,COD,ğŸ‡¨ğŸ‡©
CF,CAF,XAF,Central African Republic,"fra,sag",assigned,+236,CAF,ğŸ‡¨ğŸ‡«
CG,COG,XAF,Republic Of Congo,"fra,lin",assigned,+242,CGO,ğŸ‡¨ğŸ‡¬
CH,CHE,"CHF,CHE,CHW",Switzerland,"deu,fra,ita,roh",assigned,+41,SUI,ğŸ‡¨ğŸ‡­
CI,CIV,XOF,CÃ´te d'Ivoire,fra,assigned,+225,CIV,ğŸ‡¨ğŸ‡®
CK,COK,NZD,Cook Islands,"eng,mri",assigned,+682,COK,ğŸ‡¨ğŸ‡°
CL,CHL,"CLP,CLF",Chile,spa,assigned,+56,CHI,ğŸ‡¨ğŸ‡±
CM,CMR,XAF,Cameroon,"eng,fra",assigned,+237,CMR,ğŸ‡¨ğŸ‡²
CN,CHN,CNY,China,zho,assigned,+86,CHN,ğŸ‡¨ğŸ‡³
CO,COL,"COP,COU",Colombia,spa,assigned,+57,COL,ğŸ‡¨ğŸ‡´
CP,,EUR,Clipperton Island,,reserved,,,
CR,CRI,CRC,Costa Rica,spa,assigned,+506,CRC,ğŸ‡¨ğŸ‡·
CS,CSK,,Czechoslovakia,,deleted,,,
CS,SCG,,Serbia and Montenegro,,deleted,,,
CT,CTE,,Canton and Enderbury Islands,,deleted,,,
CU,CUB,"CUP,CUC",Cuba,spa,assigned,+53,CUB,ğŸ‡¨ğŸ‡º
CV,CPV,CVE,Cabo Verde,por,assigned,+238,CPV,ğŸ‡¨ğŸ‡»
CW,CUW,ANG,Curacao,nld,assigned,+599,,ğŸ‡¨ğŸ‡¼
CX,CXR,AUD,Christmas Island,eng,assigned,+61,,ğŸ‡¨ğŸ‡½
CY,CYP,EUR,Cyprus,"ell,tur",assigned,+357,CYP,ğŸ‡¨ğŸ‡¾
CZ,CZE,CZK,Czech Republic,ces,assigned,+420,CZE,ğŸ‡¨ğŸ‡¿
DD,DDR,,German Democratic Republic,,deleted,,,
DE,DEU,EUR,Germany,deu,assigned,+49,GER,ğŸ‡©ğŸ‡ª
DG,,USD,Diego Garcia,,reserved,,,
DJ,DJI,DJF,Djibouti,"ara,fra",assigned,+253,DJI,ğŸ‡©ğŸ‡¯
DK,DNK,DKK,Denmark,dan,assigned,+45,DEN,ğŸ‡©ğŸ‡°
DM,DMA,XCD,Dominica,eng,assigned,+1 767,DMA,ğŸ‡©ğŸ‡²
DO,DOM,DOP,Dominican Republic,spa,assigned,"+1 809,+1 829,+1 849",DOM,ğŸ‡©ğŸ‡´
DY,DHY,,Dahomey,,deleted,,,
DZ,DZA,DZD,Algeria,ara,assigned,+213,ALG,ğŸ‡©ğŸ‡¿
EA,,EUR,"Ceuta, Mulilla",,reserved,,,
EC,ECU,USD,Ecuador,"spa,que",assigned,+593,ECU,ğŸ‡ªğŸ‡¨
EE,EST,EUR,Estonia,est,assigned,+372,EST,ğŸ‡ªğŸ‡ª
EG,EGY,EGP,Egypt,ara,assigned,+20,EGY,ğŸ‡ªğŸ‡¬
EH,ESH,MAD,Western Sahara,,assigned,+212,,ğŸ‡ªğŸ‡­
ER,ERI,ERN,Eritrea,"eng,ara,tir",assigned,+291,ERI,ğŸ‡ªğŸ‡·
ES,ESP,EUR,Spain,spa,assigned,+34,ESP,ğŸ‡ªğŸ‡¸
ET,ETH,ETB,Ethiopia,amh,assigned,+251,ETH,ğŸ‡ªğŸ‡¹
EU,,EUR,European Union,,reserved,+388,,ğŸ‡ªğŸ‡º
FI,FIN,EUR,Finland,"fin,swe",assigned,+358,FIN,ğŸ‡«ğŸ‡®
FJ,FJI,FJD,Fiji,"eng,fij",assigned,+679,FIJ,ğŸ‡«ğŸ‡¯
FK,FLK,FKP,Falkland Islands,eng,assigned,+500,,ğŸ‡«ğŸ‡°
FM,FSM,USD,"Micronesia, Federated States Of",eng,assigned,+691,FSM,ğŸ‡«ğŸ‡²
FO,FRO,DKK,Faroe Islands,"fao,dan",assigned,+298,FAI,ğŸ‡«ğŸ‡´
FQ,ATF,,French Southern and Antarctic Territories,,deleted,,,
FR,FRA,EUR,France,fra,assigned,+33,FRA,ğŸ‡«ğŸ‡·
FX,,EUR,"France, Metropolitan",fra,reserved,+241,,
GA,GAB,XAF,Gabon,fra,assigned,+241,GAB,ğŸ‡¬ğŸ‡¦
GB,GBR,GBP,United Kingdom,"eng,cor,gle,gla,cym",assigned,+44,GBR,ğŸ‡¬ğŸ‡§
GD,GRD,XCD,Grenada,eng,assigned,+473,GRN,ğŸ‡¬ğŸ‡©
GE,GEO,GEL,Georgia,kat,assigned,+995,GEO,ğŸ‡¬ğŸ‡ª
GE,GEL,,Gilbert and Ellice Islands,,deleted,,,
GF,GUF,EUR,French Guiana,fra,assigned,+594,,ğŸ‡¬ğŸ‡«
GG,GGY,GBP,Guernsey,fra,assigned,+44,GCI,ğŸ‡¬ğŸ‡¬
GH,GHA,GHS,Ghana,eng,assigned,+233,GHA,ğŸ‡¬ğŸ‡­
GI,GIB,GIP,Gibraltar,eng,assigned,+350,,ğŸ‡¬ğŸ‡®
GL,GRL,DKK,Greenland,kal,assigned,+299,,ğŸ‡¬ğŸ‡±
GM,GMB,GMD,Gambia,eng,assigned,+220,GAM,ğŸ‡¬ğŸ‡²
GN,GIN,GNF,Guinea,fra,assigned,+224,GUI,ğŸ‡¬ğŸ‡³
GP,GLP,EUR,Guadeloupe,fra,assigned,+590,,ğŸ‡¬ğŸ‡µ
GQ,GNQ,XAF,Equatorial Guinea,"spa,fra,por",assigned,+240,GEQ,ğŸ‡¬ğŸ‡¶
GR,GRC,EUR,Greece,ell,assigned,+30,GRE,ğŸ‡¬ğŸ‡·
GS,SGS,GBP,South Georgia And The South Sandwich Islands,eng,assigned,,,ğŸ‡¬ğŸ‡¸
GT,GTM,GTQ,Guatemala,spa,assigned,+502,GUA,ğŸ‡¬ğŸ‡¹
GU,GUM,USD,Guam,eng,assigned,+1 671,GUM,ğŸ‡¬ğŸ‡º
GW,GNB,XOF,Guinea-bissau,por,assigned,+245,GBS,ğŸ‡¬ğŸ‡¼
GY,GUY,GYD,Guyana,eng,assigned,+592,GUY,ğŸ‡¬ğŸ‡¾
HK,HKG,HKD,Hong Kong,"zho,eng",assigned,+852,HKG,ğŸ‡­ğŸ‡°
HM,HMD,AUD,Heard Island And McDonald Islands,,assigned,,,ğŸ‡­ğŸ‡²
HN,HND,HNL,Honduras,spa,assigned,+504,HON,ğŸ‡­ğŸ‡³
HR,HRV,HRK,Croatia,hrv,assigned,+385,CRO,ğŸ‡­ğŸ‡·
HT,HTI,"HTG,USD",Haiti,"fra,hat",assigned,+509,HAI,ğŸ‡­ğŸ‡¹
HU,HUN,HUF,Hungary,hun,assigned,+36,HUN,ğŸ‡­ğŸ‡º
HV,HVO,,Upper Volta,,deleted,,,
IC,,EUR,Canary Islands,,reserved,,,
ID,IDN,IDR,Indonesia,ind,assigned,+62,INA,ğŸ‡®ğŸ‡©
IE,IRL,EUR,Ireland,"eng,gle",assigned,+353,IRL,ğŸ‡®ğŸ‡ª
IL,ISR,ILS,Israel,"heb,ara,eng",assigned,+972,ISR,ğŸ‡®ğŸ‡±
IM,IMN,GBP,Isle Of Man,"eng,glv",assigned,+44,,ğŸ‡®ğŸ‡²
IN,IND,INR,India,"eng,hin",assigned,+91,IND,ğŸ‡®ğŸ‡³
IO,IOT,USD,British Indian Ocean Territory,eng,assigned,+246,,ğŸ‡®ğŸ‡´
IQ,IRQ,IQD,Iraq,"ara,kur",assigned,+964,IRQ,ğŸ‡®ğŸ‡¶
IR,IRN,IRR,"Iran, Islamic Republic Of",fas,assigned,+98,IRI,ğŸ‡®ğŸ‡·
IS,ISL,ISK,Iceland,isl,assigned,+354,ISL,ğŸ‡®ğŸ‡¸
IT,ITA,EUR,Italy,ita,assigned,+39,ITA,ğŸ‡®ğŸ‡¹
JE,JEY,GBP,Jersey,"eng,fra",assigned,+44,JCI,ğŸ‡¯ğŸ‡ª
JM,JAM,JMD,Jamaica,eng,assigned,+1 876,JAM,ğŸ‡¯ğŸ‡²
JO,JOR,JOD,Jordan,ara,assigned,+962,JOR,ğŸ‡¯ğŸ‡´
JP,JPN,JPY,Japan,jpn,assigned,+81,JPN,ğŸ‡¯ğŸ‡µ
JT,JTN,,Johnston Island,,deleted,,,
KE,KEN,KES,Kenya,"eng,swa",assigned,+254,KEN,ğŸ‡°ğŸ‡ª
KG,KGZ,KGS,Kyrgyzstan,rus,assigned,+996,KGZ,ğŸ‡°ğŸ‡¬
KH,KHM,KHR,Cambodia,khm,assigned,+855,CAM,ğŸ‡°ğŸ‡­
KI,KIR,AUD,Kiribati,eng,assigned,+686,KIR,ğŸ‡°ğŸ‡®
KM,COM,KMF,Comoros,"ara,fra",assigned,+269,COM,ğŸ‡°ğŸ‡²
KN,KNA,XCD,Saint Kitts And Nevis,eng,assigned,+1 869,SKN,ğŸ‡°ğŸ‡³
KP,PRK,KPW,"Korea, Democratic People's Republic Of",kor,assigned,+850,PRK,ğŸ‡°ğŸ‡µ
KR,KOR,KRW,"Korea, Republic Of",kor,assigned,+82,KOR,ğŸ‡°ğŸ‡·
KW,KWT,KWD,Kuwait,ara,assigned,+965,KUW,ğŸ‡°ğŸ‡¼
KY,CYM,KYD,Cayman Islands,eng,assigned,+1 345,CAY,ğŸ‡°ğŸ‡¾
KZ,KAZ,KZT,Kazakhstan,"kaz,rus",assigned,"+7,+7 6,+7 7",KAZ,ğŸ‡°ğŸ‡¿
LA,LAO,LAK,Lao People's Democratic Republic,lao,assigned,+856,LAO,ğŸ‡±ğŸ‡¦
LB,LBN,LBP,Lebanon,"ara,hye",assigned,+961,LIB,ğŸ‡±ğŸ‡§
LC,LCA,XCD,Saint Lucia,eng,assigned,+1 758,LCA,ğŸ‡±ğŸ‡¨
LI,LIE,CHF,Liechtenstein,deu,assigned,+423,LIE,ğŸ‡±ğŸ‡®
LK,LKA,LKR,Sri Lanka,"sin,tam",assigned,+94,SRI,ğŸ‡±ğŸ‡°
LR,LBR,LRD,Liberia,eng,assigned,+231,LBR,ğŸ‡±ğŸ‡·
LS,LSO,"LSL,ZAR",Lesotho,"eng,sot",assigned,+266,LES,ğŸ‡±ğŸ‡¸
LT,LTU,EUR,Lithuania,lit,assigned,+370,LTU,ğŸ‡±ğŸ‡¹
LU,LUX,EUR,Luxembourg,"fra,deu,ltz",assigned,+352,LUX,ğŸ‡±ğŸ‡º
LV,LVA,EUR,Latvia,lav,assigned,+371,LAT,ğŸ‡±ğŸ‡»
LY,LBY,LYD,Libya,ara,assigned,+218,LBA,ğŸ‡±ğŸ‡¾
MA,MAR,MAD,Morocco,ara,assigned,+212,MAR,ğŸ‡²ğŸ‡¦
MC,MCO,EUR,Monaco,fra,assigned,+377,MON,ğŸ‡²ğŸ‡¨
MD,MDA,MDL,Moldova,ron,assigned,+373,MDA,ğŸ‡²ğŸ‡©
ME,MNE,EUR,Montenegro,mot,assigned,+382,MNE,ğŸ‡²ğŸ‡ª
MF,MAF,EUR,Saint Martin,fra,assigned,+590,,ğŸ‡²ğŸ‡«
MG,MDG,MGA,Madagascar,"fra,mlg",assigned,+261,MAD,ğŸ‡²ğŸ‡¬
MH,MHL,USD,Marshall Islands,"eng,mah",assigned,+692,MHL,ğŸ‡²ğŸ‡­
MI,MID,,Midway Islands,,deleted,,,
MK,MKD,MKD,"Macedonia, The Former Yugoslav Republic Of",mkd,assigned,+389,MKD,ğŸ‡²ğŸ‡°
ML,MLI,XOF,Mali,fra,assigned,+223,MLI,ğŸ‡²ğŸ‡±
MM,MMR,MMK,Myanmar,mya,assigned,+95,MYA,ğŸ‡²ğŸ‡²
MN,MNG,MNT,Mongolia,mon,assigned,+976,MGL,ğŸ‡²ğŸ‡³
MO,MAC,MOP,Macao,"zho,por",assigned,+853,MAC,ğŸ‡²ğŸ‡´
MP,MNP,USD,Northern Mariana Islands,eng,assigned,+1 670,,ğŸ‡²ğŸ‡µ
MQ,MTQ,EUR,Martinique,,assigned,+596,,ğŸ‡²ğŸ‡¶
MR,MRT,MRO,Mauritania,"ara,fra",assigned,+222,MTN,ğŸ‡²ğŸ‡·
MS,MSR,XCD,Montserrat,,assigned,+1 664,,ğŸ‡²ğŸ‡¸
MT,MLT,EUR,Malta,"mlt,eng",assigned,+356,MLT,ğŸ‡²ğŸ‡¹
MU,MUS,MUR,Mauritius,"eng,fra",assigned,+230,MRI,ğŸ‡²ğŸ‡º
MV,MDV,MVR,Maldives,div,assigned,+960,MDV,ğŸ‡²ğŸ‡»
MW,MWI,MWK,Malawi,"eng,nya",assigned,+265,MAW,ğŸ‡²ğŸ‡¼
MX,MEX,"MXN,MXV",Mexico,spa,assigned,+52,MEX,ğŸ‡²ğŸ‡½
MY,MYS,MYR,Malaysia,"msa,eng",assigned,+60,MAS,ğŸ‡²ğŸ‡¾
MZ,MOZ,MZN,Mozambique,por,assigned,+258,MOZ,ğŸ‡²ğŸ‡¿
NA,NAM,"NAD,ZAR",Namibia,eng,assigned,+264,NAM,ğŸ‡³ğŸ‡¦
NC,NCL,XPF,New Caledonia,fra,assigned,+687,,ğŸ‡³ğŸ‡¨
NE,NER,XOF,Niger,fra,assigned,+227,NIG,ğŸ‡³ğŸ‡ª
NF,NFK,AUD,Norfolk Island,eng,assigned,+672,,ğŸ‡³ğŸ‡«
NG,NGA,NGN,Nigeria,eng,assigned,+234,NGR,ğŸ‡³ğŸ‡¬
NH,NHB,,New Hebrides,,deleted,,,
NI,NIC,NIO,Nicaragua,spa,assigned,+505,NCA,ğŸ‡³ğŸ‡®
NL,NLD,EUR,Netherlands,nld,assigned,+31,NED,ğŸ‡³ğŸ‡±
NO,NOR,NOK,Norway,nor,assigned,+47,NOR,ğŸ‡³ğŸ‡´
NP,NPL,NPR,Nepal,nep,assigned,+977,NEP,ğŸ‡³ğŸ‡µ
NQ,ATN,,Dronning Maud Land,,deleted,,,
NR,NRU,AUD,Nauru,"eng,nau",assigned,+674,NRU,ğŸ‡³ğŸ‡·
NT,NTZ,,Neutral Zone,,deleted,,,
NU,NIU,NZD,Niue,eng,assigned,+683,,ğŸ‡³ğŸ‡º
NZ,NZL,NZD,New Zealand,eng,assigned,+64,NZL,ğŸ‡³ğŸ‡¿
OM,OMN,OMR,Oman,ara,assigned,+968,OMA,ğŸ‡´ğŸ‡²
PA,PAN,"PAB,USD",Panama,spa,assigned,+507,PAN,ğŸ‡µğŸ‡¦
PC,PCI,,"Pacific Islands, Trust Territory of the",,deleted,,,
PE,PER,PEN,Peru,"spa,aym,que",assigned,+51,PER,ğŸ‡µğŸ‡ª
PF,PYF,XPF,French Polynesia,fra,assigned,+689,,ğŸ‡µğŸ‡«
PG,PNG,PGK,Papua New Guinea,eng,assigned,+675,PNG,ğŸ‡µğŸ‡¬
PH,PHL,PHP,Philippines,eng,assigned,+63,PHI,ğŸ‡µğŸ‡­
PK,PAK,PKR,Pakistan,"urd,eng",assigned,+92,PAK,ğŸ‡µğŸ‡°
PL,POL,PLN,Poland,pol,assigned,+48,POL,ğŸ‡µğŸ‡±
PM,SPM,EUR,Saint Pierre And Miquelon,eng,assigned,+508,,ğŸ‡µğŸ‡²
PN,PCN,NZD,Pitcairn,eng,assigned,+872,,ğŸ‡µğŸ‡³
PR,PRI,USD,Puerto Rico,"spa,eng",assigned,"+1 787,+1 939",PUR,ğŸ‡µğŸ‡·
PS,PSE,"JOD,EGP,ILS","Palestinian Territory, Occupied",ara,assigned,+970,PLE,ğŸ‡µğŸ‡¸
PT,PRT,EUR,Portugal,por,assigned,+351,POR,ğŸ‡µğŸ‡¹
PU,PUS,,U.S. Miscellaneous Pacific Islands,,deleted,,,
PW,PLW,USD,Palau,eng,assigned,+680,PLW,ğŸ‡µğŸ‡¼
PY,PRY,PYG,Paraguay,spa,assigned,+595,PAR,ğŸ‡µğŸ‡¾
PZ,PCZ,,Panama Canal Zone,,deleted,,,
QA,QAT,QAR,Qatar,ara,assigned,+974,QAT,ğŸ‡¶ğŸ‡¦
RE,REU,EUR,Reunion,fra,assigned,+262,,ğŸ‡·ğŸ‡ª
RH,RHO,,Southern Rhodesia,,deleted,,,
RO,ROU,RON,Romania,ron,assigned,+40,ROU,ğŸ‡·ğŸ‡´
RS,SRB,RSD,Serbia,srp,assigned,+381,SRB,ğŸ‡·ğŸ‡¸
RU,RUS,RUB,Russian Federation,rus,assigned,"+7,+7 3,+7 4,+7 8",RUS,ğŸ‡·ğŸ‡º
RW,RWA,RWF,Rwanda,"eng,fra,kin",assigned,+250,RWA,ğŸ‡·ğŸ‡¼
SA,SAU,SAR,Saudi Arabia,ara,assigned,+966,KSA,ğŸ‡¸ğŸ‡¦
SB,SLB,SBD,Solomon Islands,eng,assigned,+677,SOL,ğŸ‡¸ğŸ‡§
SC,SYC,SCR,Seychelles,"eng,fra",assigned,+248,SEY,ğŸ‡¸ğŸ‡¨
SD,SDN,SDG,Sudan,"ara,eng",assigned,+249,SUD,ğŸ‡¸ğŸ‡©
SE,SWE,SEK,Sweden,swe,assigned,+46,SWE,ğŸ‡¸ğŸ‡ª
SG,SGP,SGD,Singapore,"eng,zho,msa,tam",assigned,+65,SIN,ğŸ‡¸ğŸ‡¬
SH,SHN,SHP,"Saint Helena, Ascension And Tristan Da Cunha",eng,assigned,+290,,ğŸ‡¸ğŸ‡­
SI,SVN,EUR,Slovenia,slv,assigned,+386,SLO,ğŸ‡¸ğŸ‡®
SJ,SJM,NOK,Svalbard And Jan Mayen,,assigned,+47,,ğŸ‡¸ğŸ‡¯
SK,SVK,EUR,Slovakia,slk,assigned,+421,SVK,ğŸ‡¸ğŸ‡°
SK,SKM,,Sikkim,,deleted,,,
SL,SLE,SLL,Sierra Leone,eng,assigned,+232,SLE,ğŸ‡¸ğŸ‡±
SM,SMR,EUR,San Marino,ita,assigned,+378,SMR,ğŸ‡¸ğŸ‡²
SN,SEN,XOF,Senegal,fra,assigned,+221,SEN,ğŸ‡¸ğŸ‡³
SO,SOM,SOS,Somalia,som,assigned,+252,SOM,ğŸ‡¸ğŸ‡´
SR,SUR,SRD,Suriname,nld,assigned,+597,SUR,ğŸ‡¸ğŸ‡·
SS,SSD,SSP,South Sudan,eng,assigned,+211,SSD,ğŸ‡¸ğŸ‡¸
ST,STP,STD,Sao Tome and Principe,por,assigned,+239,STP,ğŸ‡¸ğŸ‡¹
SU,,RUB,USSR,rus,reserved,,,
SV,SLV,USD,El Salvador,spa,assigned,+503,ESA,ğŸ‡¸ğŸ‡»
SX,SXM,ANG,Sint Maarten,nld,assigned,+1 721,,ğŸ‡¸ğŸ‡½
SY,SYR,SYP,Syrian Arab Republic,ara,assigned,+963,SYR,ğŸ‡¸ğŸ‡¾
SZ,SWZ,SZL,Swaziland,"eng,ssw",assigned,+268,SWZ,ğŸ‡¸ğŸ‡¿
TA,,GBP,Tristan de Cunha,,reserved,+290,,
TC,TCA,USD,Turks And Caicos Islands,eng,assigned,+1 649,,ğŸ‡¹ğŸ‡¨
TD,TCD,XAF,Chad,"ara,fra",assigned,+235,CHA,ğŸ‡¹ğŸ‡©
TF,ATF,EUR,French Southern Territories,fra,assigned,,,ğŸ‡¹ğŸ‡«
TG,TGO,XOF,Togo,fra,assigned,+228,TOG,ğŸ‡¹ğŸ‡¬
TH,THA,THB,Thailand,tha,assigned,+66,THA,ğŸ‡¹ğŸ‡­
TJ,TJK,TJS,Tajikistan,"tgk,rus",assigned,+992,TJK,ğŸ‡¹ğŸ‡¯
TK,TKL,NZD,Tokelau,eng,assigned,+690,,ğŸ‡¹ğŸ‡°
TL,TLS,USD,"Timor-Leste, Democratic Republic of",por,assigned,+670,TLS,ğŸ‡¹ğŸ‡±
TM,TKM,TMT,Turkmenistan,"tuk,rus",assigned,+993,TKM,ğŸ‡¹ğŸ‡²
TN,TUN,TND,Tunisia,ara,assigned,+216,TUN,ğŸ‡¹ğŸ‡³
TO,TON,TOP,Tonga,eng,assigned,+676,TGA,ğŸ‡¹ğŸ‡´
TP,TMP,,East Timor,,deleted,,,
TR,TUR,TRY,Turkey,tur,assigned,+90,TUR,ğŸ‡¹ğŸ‡·
TT,TTO,TTD,Trinidad And Tobago,eng,assigned,+1 868,TTO,ğŸ‡¹ğŸ‡¹
TV,TUV,AUD,Tuvalu,eng,assigned,+688,TUV,ğŸ‡¹ğŸ‡»
TW,TWN,TWD,Taiwan,zho,assigned,+886,TPE,ğŸ‡¹ğŸ‡¼
TZ,TZA,TZS,"Tanzania, United Republic Of","swa,eng",assigned,+255,TAN,ğŸ‡¹ğŸ‡¿
UA,UKR,UAH,Ukraine,"ukr,rus",assigned,+380,UKR,ğŸ‡ºğŸ‡¦
UG,UGA,UGX,Uganda,"eng,swa",assigned,+256,UGA,ğŸ‡ºğŸ‡¬
UK,,GBP,United Kingdom,"eng,cor,gle,gla,cym",reserved,,,
UM,UMI,USD,United States Minor Outlying Islands,eng,assigned,+1,,ğŸ‡ºğŸ‡²
US,USA,USD,United States,eng,assigned,+1,USA,ğŸ‡ºğŸ‡¸
UY,URY,"UYU,UYI",Uruguay,spa,assigned,+598,URU,ğŸ‡ºğŸ‡¾
UZ,UZB,UZS,Uzbekistan,"uzb,rus",assigned,+998,UZB,ğŸ‡ºğŸ‡¿
VA,VAT,EUR,Vatican City State,ita,assigned,"+379,+39",,ğŸ‡»ğŸ‡¦
VC,VCT,XCD,Saint Vincent And The Grenadines,eng,assigned,+1 784,VIN,ğŸ‡»ğŸ‡¨
VD,VDR,,"Viet-Nam, Democratic Republic of",,deleted,,,
VE,VEN,VEF,"Venezuela, Bolivarian Republic Of",spa,assigned,+58,VEN,ğŸ‡»ğŸ‡ª
VG,VGB,USD,Virgin Islands (British),eng,assigned,+1 284,IVB,ğŸ‡»ğŸ‡¬
VI,VIR,USD,Virgin Islands (US),eng,assigned,+1 340,ISV,ğŸ‡»ğŸ‡®
VN,VNM,VND,Viet Nam,vie,assigned,+84,VIE,ğŸ‡»ğŸ‡³
VU,VUT,VUV,Vanuatu,"bis,eng,fra",assigned,+678,VAN,ğŸ‡»ğŸ‡º
WF,WLF,XPF,Wallis And Futuna,fra,assigned,+681,,ğŸ‡¼ğŸ‡«
WK,WAK,,Wake Island,,deleted,,,
WS,WSM,WST,Samoa,"eng,smo",assigned,+685,SAM,ğŸ‡¼ğŸ‡¸
XK,,EUR,Kosovo,"sqi,srp,bos,tur,rom",user assigned,+383,KOS,
YD,YMD,,"Yemen, Democratic",,deleted,,,
YE,YEM,YER,Yemen,ara,assigned,+967,YEM,ğŸ‡¾ğŸ‡ª
YT,MYT,EUR,Mayotte,fra,assigned,+262,,ğŸ‡¾ğŸ‡¹
YU,YUG,,Yugoslavia,,deleted,,,
ZA,ZAF,ZAR,South Africa,"afr,eng,nbl,som,tso,ven,xho,zul",assigned,+27,RSA,ğŸ‡¿ğŸ‡¦
ZM,ZMB,ZMW,Zambia,eng,assigned,+260,ZAM,ğŸ‡¿ğŸ‡²
ZR,ZAR,,Zaire,,deleted,,,
ZW,ZWE,"USD,ZAR,BWP,GBP,EUR",Zimbabwe,"eng,sna,nde",assigned,+263,ZIM,ğŸ‡¿ğŸ‡¼
